{
  "title": "Demo Song",
  "bpm": 120,
  "offset": 0,
  "duration": 60,
  "notes": [
    { "time": 1.0, "lane": 0, "speed": 4 },
    { "time": 1.5, "lane": 2, "speed": 3 },
    { "time": 2.0, "lane": 1, "speed": 5 },
    { "time": 2.5, "lane": 3, "speed": 4 },
    { "time": 3.0, "lane": 0, "speed": 3 },
    { "time": 3.5, "lane": 2, "speed": 4 },
    { "time": 4.0, "lane": 1, "speed": 3 },
    { "time": 4.5, "lane": 3, "speed": 5 },
    { "time": 5.0, "lane": 0, "speed": 4 },
    { "time": 5.0, "lane": 2, "speed": 4 },
    { "time": 5.5, "lane": 1, "speed": 3 },
    { "time": 5.5, "lane": 3, "speed": 3 },
    { "time": 6.0, "lane": 0, "speed": 4 },
    { "time": 6.0, "lane": 1, "speed": 4 },
    { "time": 6.5, "lane": 2, "speed": 5 },
    { "time": 6.5, "lane": 3, "speed": 5 },
    { "time": 7.0, "lane": 0, "speed": 3 },
    { "time": 7.5, "lane": 1, "speed": 4 },
    { "time": 8.0, "lane": 2, "speed": 5 },
    { "time": 8.5, "lane": 3, "speed": 3 },
    { "time": 9.0, "lane": 0, "speed": 4 },
    { "time": 9.5, "lane": 2, "speed": 3 },
    { "time": 10.0, "lane": 1, "speed": 5 },
    { "time": 10.5, "lane": 3, "speed": 4 }
  ]
}

